{"cameraMode":{"drawMode":0,"name":"Shaded","section":"Shading Mode"},"sceneLighting":true,"audioPlay":false,"sceneViewState":{"m_AlwaysRefresh":false,"showFog":true,"showSkybox":true,"showFlares":true,"showImageEffects":true,"showParticleSystems":true,"showVisualEffectGraphs":true,"m_FxEnabled":true},"in2DMode":false,"pivot":{"x":138.13455200195313,"y":33.87164306640625,"z":-3.20599365234375},"rotation":{"x":0.0018072092207148672,"y":0.05097343400120735,"z":-0.00009214731835527346,"w":0.9987019896507263},"size":470.57159423828127,"orthographic":false}